ticker,date,close
AAPL,2026-03-01,189.53
AAPL,2026-03-02,188.95
AAPL,2026-03-03,188.6
AAPL,2026-03-04,191.32
AAPL,2026-03-05,190.91
AAPL,2026-03-06,185.27
AAPL,2026-03-07,186.58
AAPL,2026-03-08,185.66
AAPL,2026-03-09,184.93
AAPL,2026-03-10,185.43
AAPL,2026-03-11,186.37
AAPL,2026-03-12,190.78
AAPL,2026-03-13,193.36
AAPL,2026-03-14,193.86
AAPL,2026-03-15,191.07
AAPL,2026-03-16,187.27
AAPL,2026-03-17,188.27
AAPL,2026-03-18,193.28
AAPL,2026-03-19,193.52
AAPL,2026-03-20,193.19
AAPL,2026-03-21,195.32
AAPL,2026-03-22,189.72
AAPL,2026-03-23,188.61
AAPL,2026-03-24,190.54
AAPL,2026-03-25,193.94
AAPL,2026-03-26,193.08
AAPL,2026-03-27,194.61
AAPL,2026-03-28,195.65
AAPL,2026-03-29,198.79
AAPL,2026-03-30,194.44
AAPL,2026-03-31,196.73
AAPL,2026-04-01,190.85
AAPL,2026-04-02,180.93
AAPL,2026-04-03,178.81
AAPL,2026-04-04,175.61
AAPL,2026-04-05,178.76
AAPL,2026-04-06,181.21
AAPL,2026-04-07,176.86
AAPL,2026-04-08,179.93
AAPL,2026-04-09,176.4
AAPL,2026-04-10,176.17
AAPL,2026-04-11,175.2
AAPL,2026-04-12,175.67
AAPL,2026-04-13,178.62
AAPL,2026-04-14,180.97
AAPL,2026-04-15,182.31
AAPL,2026-04-16,184.75
AAPL,2026-04-17,186.59
AAPL,2026-04-18,184.32
AAPL,2026-04-19,181.75
AAPL,2026-04-20,180.11
AAPL,2026-04-21,181.98
AAPL,2026-04-22,181.14
AAPL,2026-04-23,189.67
AAPL,2026-04-24,186.64
AAPL,2026-04-25,182.61
AAPL,2026-04-26,185.49
AAPL,2026-04-27,190.84
AAPL,2026-04-28,192.85
AAPL,2026-04-29,196.15
AAPL,2026-04-30,201.82
AAPL,2026-05-01,201.52
AAPL,2026-05-02,195.87
AAPL,2026-05-03,193.86
AAPL,2026-05-04,197.63
AAPL,2026-05-05,192.0
AAPL,2026-05-06,192.21
AAPL,2026-05-07,193.26
AAPL,2026-05-08,192.12
AAPL,2026-05-09,194.98
AAPL,2026-05-10,197.32
AAPL,2026-05-11,206.56
AAPL,2026-05-12,209.2
AAPL,2026-05-13,206.73
AAPL,2026-05-14,204.49
AAPL,2026-05-15,201.17
AAPL,2026-05-16,205.08
AAPL,2026-05-17,202.84
AAPL,2026-05-18,202.64
AAPL,2026-05-19,205.76
AAPL,2026-05-20,202.87
AAPL,2026-05-21,201.76
AAPL,2026-05-22,194.41
AAPL,2026-05-23,190.28
AAPL,2026-05-24,188.2
AAPL,2026-05-25,189.84
AAPL,2026-05-26,194.45
AAPL,2026-05-27,194.46
AAPL,2026-05-28,195.55
AAPL,2026-05-29,196.29
MSFT,2026-03-01,429.28
MSFT,2026-03-02,437.12
MSFT,2026-03-03,439.69
MSFT,2026-03-04,430.98
MSFT,2026-03-05,438.94
MSFT,2026-03-06,442.46
MSFT,2026-03-07,453.49
MSFT,2026-03-08,453.4
MSFT,2026-03-09,471.29
MSFT,2026-03-10,468.1
MSFT,2026-03-11,483.2
MSFT,2026-03-12,484.51
MSFT,2026-03-13,479.7
MSFT,2026-03-14,469.07
MSFT,2026-03-15,467.84
MSFT,2026-03-16,481.34
MSFT,2026-03-17,489.39
MSFT,2026-03-18,496.33
MSFT,2026-03-19,472.94
MSFT,2026-03-20,479.85
MSFT,2026-03-21,485.38
MSFT,2026-03-22,480.24
MSFT,2026-03-23,474.41
MSFT,2026-03-24,474.58
MSFT,2026-03-25,491.14
MSFT,2026-03-26,480.97
MSFT,2026-03-27,477.05
MSFT,2026-03-28,490.23
MSFT,2026-03-29,486.05
MSFT,2026-03-30,482.7
MSFT,2026-03-31,483.84
MSFT,2026-04-01,472.02
MSFT,2026-04-02,474.29
MSFT,2026-04-03,463.01
MSFT,2026-04-04,471.39
MSFT,2026-04-05,471.61
MSFT,2026-04-06,493.34
MSFT,2026-04-07,496.31
MSFT,2026-04-08,510.06
MSFT,2026-04-09,496.97
MSFT,2026-04-10,495.95
MSFT,2026-04-11,499.35
MSFT,2026-04-12,516.98
MSFT,2026-04-13,499.81
MSFT,2026-04-14,509.91
MSFT,2026-04-15,516.14
MSFT,2026-04-16,532.18
MSFT,2026-04-17,539.98
MSFT,2026-04-18,540.76
MSFT,2026-04-19,535.33
MSFT,2026-04-20,522.18
MSFT,2026-04-21,524.43
MSFT,2026-04-22,522.63
MSFT,2026-04-23,543.96
MSFT,2026-04-24,537.53
MSFT,2026-04-25,541.19
MSFT,2026-04-26,524.42
MSFT,2026-04-27,520.48
MSFT,2026-04-28,523.41
MSFT,2026-04-29,532.24
MSFT,2026-04-30,547.87
MSFT,2026-05-01,547.61
MSFT,2026-05-02,535.59
MSFT,2026-05-03,540.71
MSFT,2026-05-04,546.52
MSFT,2026-05-05,552.11
MSFT,2026-05-06,544.6
MSFT,2026-05-07,557.16
MSFT,2026-05-08,558.36
MSFT,2026-05-09,566.4
MSFT,2026-05-10,581.06
MSFT,2026-05-11,588.37
MSFT,2026-05-12,591.98
MSFT,2026-05-13,617.71
MSFT,2026-05-14,620.97
MSFT,2026-05-15,617.54
MSFT,2026-05-16,619.17
MSFT,2026-05-17,637.78
MSFT,2026-05-18,639.55
MSFT,2026-05-19,646.45
MSFT,2026-05-20,662.17
MSFT,2026-05-21,655.64
MSFT,2026-05-22,633.26
MSFT,2026-05-23,637.31
MSFT,2026-05-24,640.49
MSFT,2026-05-25,632.96
MSFT,2026-05-26,644.24
MSFT,2026-05-27,652.33
MSFT,2026-05-28,639.61
MSFT,2026-05-29,646.49
NVDA,2026-03-01,119.58
NVDA,2026-03-02,116.08
NVDA,2026-03-03,117.18
NVDA,2026-03-04,117.12
NVDA,2026-03-05,115.42
NVDA,2026-03-06,116.67
NVDA,2026-03-07,117.86
NVDA,2026-03-08,116.55
NVDA,2026-03-09,117.53
NVDA,2026-03-10,119.96
NVDA,2026-03-11,118.3
NVDA,2026-03-12,119.25
NVDA,2026-03-13,119.3
NVDA,2026-03-14,124.75
NVDA,2026-03-15,120.15
NVDA,2026-03-16,121.87
NVDA,2026-03-17,121.17
NVDA,2026-03-18,120.98
NVDA,2026-03-19,125.63
NVDA,2026-03-20,125.66
NVDA,2026-03-21,131.34
NVDA,2026-03-22,130.23
NVDA,2026-03-23,131.2
NVDA,2026-03-24,129.96
NVDA,2026-03-25,128.22
NVDA,2026-03-26,128.43
NVDA,2026-03-27,127.76
NVDA,2026-03-28,128.33
NVDA,2026-03-29,122.98
NVDA,2026-03-30,127.95
NVDA,2026-03-31,127.57
NVDA,2026-04-01,132.07
NVDA,2026-04-02,129.46
NVDA,2026-04-03,130.27
NVDA,2026-04-04,138.57
NVDA,2026-04-05,136.22
NVDA,2026-04-06,132.2
NVDA,2026-04-07,130.81
NVDA,2026-04-08,132.1
NVDA,2026-04-09,133.98
NVDA,2026-04-10,137.49
NVDA,2026-04-11,136.84
NVDA,2026-04-12,132.51
NVDA,2026-04-13,131.41
NVDA,2026-04-14,134.72
NVDA,2026-04-15,136.03
NVDA,2026-04-16,130.76
NVDA,2026-04-17,130.72
NVDA,2026-04-18,134.43
NVDA,2026-04-19,140.2
NVDA,2026-04-20,141.83
NVDA,2026-04-21,142.76
NVDA,2026-04-22,139.28
NVDA,2026-04-23,136.99
NVDA,2026-04-24,137.17
NVDA,2026-04-25,138.61
NVDA,2026-04-26,140.27
NVDA,2026-04-27,138.98
NVDA,2026-04-28,135.83
NVDA,2026-04-29,133.77
NVDA,2026-04-30,130.73
NVDA,2026-05-01,132.46
NVDA,2026-05-02,126.39
NVDA,2026-05-03,125.6
NVDA,2026-05-04,126.78
NVDA,2026-05-05,130.69
NVDA,2026-05-06,130.93
NVDA,2026-05-07,133.6
NVDA,2026-05-08,132.59
NVDA,2026-05-09,130.67
NVDA,2026-05-10,128.96
NVDA,2026-05-11,132.95
NVDA,2026-05-12,135.65
NVDA,2026-05-13,137.03
NVDA,2026-05-14,146.21
NVDA,2026-05-15,146.17
NVDA,2026-05-16,148.04
NVDA,2026-05-17,149.01
NVDA,2026-05-18,148.41
NVDA,2026-05-19,155.34
NVDA,2026-05-20,160.08
NVDA,2026-05-21,155.66
NVDA,2026-05-22,154.48
NVDA,2026-05-23,155.87
NVDA,2026-05-24,158.37
NVDA,2026-05-25,154.16
NVDA,2026-05-26,147.27
NVDA,2026-05-27,141.71
NVDA,2026-05-28,141.57
NVDA,2026-05-29,141.33
JPM,2026-03-01,201.46
JPM,2026-03-02,198.44
JPM,2026-03-03,193.66
JPM,2026-03-04,185.9
JPM,2026-03-05,187.2
JPM,2026-03-06,188.66
JPM,2026-03-07,192.48
JPM,2026-03-08,195.6
JPM,2026-03-09,194.93
JPM,2026-03-10,200.27
JPM,2026-03-11,199.8
JPM,2026-03-12,197.24
JPM,2026-03-13,195.27
JPM,2026-03-14,193.06
JPM,2026-03-15,184.77
JPM,2026-03-16,185.42
JPM,2026-03-17,186.42
JPM,2026-03-18,185.14
JPM,2026-03-19,182.57
JPM,2026-03-20,184.0
JPM,2026-03-21,190.39
JPM,2026-03-22,190.61
JPM,2026-03-23,188.75
JPM,2026-03-24,186.59
JPM,2026-03-25,186.4
JPM,2026-03-26,181.76
JPM,2026-03-27,181.38
JPM,2026-03-28,181.67
JPM,2026-03-29,188.45
JPM,2026-03-30,192.08
JPM,2026-03-31,196.13
JPM,2026-04-01,193.41
JPM,2026-04-02,196.08
JPM,2026-04-03,191.69
JPM,2026-04-04,192.96
JPM,2026-04-05,194.65
JPM,2026-04-06,191.74
JPM,2026-04-07,199.48
JPM,2026-04-08,201.82
JPM,2026-04-09,194.22
JPM,2026-04-10,196.45
JPM,2026-04-11,194.93
JPM,2026-04-12,195.01
JPM,2026-04-13,196.9
JPM,2026-04-14,198.52
JPM,2026-04-15,190.5
JPM,2026-04-16,186.16
JPM,2026-04-17,189.11
JPM,2026-04-18,194.11
JPM,2026-04-19,201.58
JPM,2026-04-20,208.93
JPM,2026-04-21,200.42
JPM,2026-04-22,203.58
JPM,2026-04-23,195.86
JPM,2026-04-24,202.26
JPM,2026-04-25,203.37
JPM,2026-04-26,198.81
JPM,2026-04-27,206.88
JPM,2026-04-28,209.63
JPM,2026-04-29,201.79
JPM,2026-04-30,203.06
JPM,2026-05-01,200.17
JPM,2026-05-02,200.7
JPM,2026-05-03,198.91
JPM,2026-05-04,204.45
JPM,2026-05-05,198.71
JPM,2026-05-06,200.05
JPM,2026-05-07,207.39
JPM,2026-05-08,204.04
JPM,2026-05-09,204.98
JPM,2026-05-10,205.89
JPM,2026-05-11,203.13
JPM,2026-05-12,205.84
JPM,2026-05-13,206.32
JPM,2026-05-14,202.51
JPM,2026-05-15,209.73
JPM,2026-05-16,213.13
JPM,2026-05-17,212.5
JPM,2026-05-18,209.88
JPM,2026-05-19,206.67
JPM,2026-05-20,211.84
JPM,2026-05-21,211.3
JPM,2026-05-22,213.33
JPM,2026-05-23,212.63
JPM,2026-05-24,215.34
JPM,2026-05-25,214.93
JPM,2026-05-26,218.3
JPM,2026-05-27,217.59
JPM,2026-05-28,221.29
JPM,2026-05-29,224.35
GS,2026-03-01,469.09
GS,2026-03-02,461.21
GS,2026-03-03,452.72
GS,2026-03-04,446.19
GS,2026-03-05,437.58
GS,2026-03-06,445.33
GS,2026-03-07,445.09
GS,2026-03-08,459.24
GS,2026-03-09,480.36
GS,2026-03-10,480.78
GS,2026-03-11,466.09
GS,2026-03-12,462.72
GS,2026-03-13,462.21
GS,2026-03-14,448.64
GS,2026-03-15,446.57
GS,2026-03-16,449.31
GS,2026-03-17,445.36
GS,2026-03-18,438.69
GS,2026-03-19,432.21
GS,2026-03-20,447.83
GS,2026-03-21,446.58
GS,2026-03-22,439.35
GS,2026-03-23,436.25
GS,2026-03-24,444.75
GS,2026-03-25,438.84
GS,2026-03-26,443.24
GS,2026-03-27,449.87
GS,2026-03-28,456.79
GS,2026-03-29,469.76
GS,2026-03-30,464.78
GS,2026-03-31,475.5
GS,2026-04-01,468.15
GS,2026-04-02,464.62
GS,2026-04-03,475.92
GS,2026-04-04,483.94
GS,2026-04-05,484.15
GS,2026-04-06,472.81
GS,2026-04-07,478.31
GS,2026-04-08,472.47
GS,2026-04-09,463.93
GS,2026-04-10,458.1
GS,2026-04-11,460.54
GS,2026-04-12,441.19
GS,2026-04-13,444.55
GS,2026-04-14,446.27
GS,2026-04-15,441.23
GS,2026-04-16,450.56
GS,2026-04-17,456.25
GS,2026-04-18,450.9
GS,2026-04-19,445.04
GS,2026-04-20,451.41
GS,2026-04-21,437.9
GS,2026-04-22,435.16
GS,2026-04-23,429.84
GS,2026-04-24,430.61
GS,2026-04-25,432.6
GS,2026-04-26,433.09
GS,2026-04-27,443.09
GS,2026-04-28,445.29
GS,2026-04-29,442.66
GS,2026-04-30,432.12
GS,2026-05-01,438.53
GS,2026-05-02,443.34
GS,2026-05-03,456.38
GS,2026-05-04,449.74
GS,2026-05-05,450.16
GS,2026-05-06,449.81
GS,2026-05-07,449.2
GS,2026-05-08,449.47
GS,2026-05-09,434.24
GS,2026-05-10,441.58
GS,2026-05-11,447.53
GS,2026-05-12,457.83
GS,2026-05-13,478.61
GS,2026-05-14,475.75
GS,2026-05-15,475.6
GS,2026-05-16,475.88
GS,2026-05-17,494.56
GS,2026-05-18,477.63
GS,2026-05-19,482.46
GS,2026-05-20,468.46
GS,2026-05-21,444.46
GS,2026-05-22,426.67
GS,2026-05-23,415.05
GS,2026-05-24,424.09
GS,2026-05-25,416.89
GS,2026-05-26,415.16
GS,2026-05-27,405.67
GS,2026-05-28,410.79
GS,2026-05-29,401.9
XOM,2026-03-01,112.94
XOM,2026-03-02,110.74
XOM,2026-03-03,109.09
XOM,2026-03-04,109.4
XOM,2026-03-05,109.5
XOM,2026-03-06,112.66
XOM,2026-03-07,112.98
XOM,2026-03-08,110.3
XOM,2026-03-09,109.11
XOM,2026-03-10,107.9
XOM,2026-03-11,109.51
XOM,2026-03-12,110.39
XOM,2026-03-13,110.17
XOM,2026-03-14,112.13
XOM,2026-03-15,110.99
XOM,2026-03-16,110.73
XOM,2026-03-17,111.17
XOM,2026-03-18,114.61
XOM,2026-03-19,114.43
XOM,2026-03-20,113.67
XOM,2026-03-21,111.34
XOM,2026-03-22,112.91
XOM,2026-03-23,111.63
XOM,2026-03-24,112.44
XOM,2026-03-25,108.21
XOM,2026-03-26,110.51
XOM,2026-03-27,107.61
XOM,2026-03-28,105.98
XOM,2026-03-29,108.27
XOM,2026-03-30,105.42
XOM,2026-03-31,105.29
XOM,2026-04-01,105.49
XOM,2026-04-02,103.43
XOM,2026-04-03,106.25
XOM,2026-04-04,109.48
XOM,2026-04-05,105.21
XOM,2026-04-06,102.2
XOM,2026-04-07,103.89
XOM,2026-04-08,101.22
XOM,2026-04-09,100.47
XOM,2026-04-10,100.77
XOM,2026-04-11,102.2
XOM,2026-04-12,101.78
XOM,2026-04-13,102.01
XOM,2026-04-14,100.47
XOM,2026-04-15,103.11
XOM,2026-04-16,102.13
XOM,2026-04-17,102.86
XOM,2026-04-18,101.85
XOM,2026-04-19,102.11
XOM,2026-04-20,101.81
XOM,2026-04-21,101.52
XOM,2026-04-22,99.5
XOM,2026-04-23,101.12
XOM,2026-04-24,104.02
XOM,2026-04-25,104.57
XOM,2026-04-26,106.14
XOM,2026-04-27,107.96
XOM,2026-04-28,110.01
XOM,2026-04-29,110.72
XOM,2026-04-30,111.23
XOM,2026-05-01,113.2
XOM,2026-05-02,113.4
XOM,2026-05-03,111.24
XOM,2026-05-04,111.34
XOM,2026-05-05,107.18
XOM,2026-05-06,107.21
XOM,2026-05-07,108.14
XOM,2026-05-08,110.86
XOM,2026-05-09,111.24
XOM,2026-05-10,113.35
XOM,2026-05-11,113.39
XOM,2026-05-12,111.11
XOM,2026-05-13,108.02
XOM,2026-05-14,105.97
XOM,2026-05-15,103.12
XOM,2026-05-16,104.47
XOM,2026-05-17,104.08
XOM,2026-05-18,105.31
XOM,2026-05-19,105.51
XOM,2026-05-20,107.76
XOM,2026-05-21,110.09
XOM,2026-05-22,108.71
XOM,2026-05-23,108.16
XOM,2026-05-24,107.05
XOM,2026-05-25,103.62
XOM,2026-05-26,105.06
XOM,2026-05-27,107.6
XOM,2026-05-28,107.63
XOM,2026-05-29,106.61
CVX,2026-03-01,158.44
CVX,2026-03-02,151.07
CVX,2026-03-03,151.67
CVX,2026-03-04,152.17
CVX,2026-03-05,150.49
CVX,2026-03-06,154.74
CVX,2026-03-07,157.81
CVX,2026-03-08,157.05
CVX,2026-03-09,156.84
CVX,2026-03-10,155.69
CVX,2026-03-11,154.16
CVX,2026-03-12,150.19
CVX,2026-03-13,154.4
CVX,2026-03-14,157.64
CVX,2026-03-15,160.22
CVX,2026-03-16,156.78
CVX,2026-03-17,163.37
CVX,2026-03-18,169.91
CVX,2026-03-19,170.62
CVX,2026-03-20,167.6
CVX,2026-03-21,164.76
CVX,2026-03-22,166.21
CVX,2026-03-23,163.24
CVX,2026-03-24,163.19
CVX,2026-03-25,166.81
CVX,2026-03-26,161.85
CVX,2026-03-27,168.41
CVX,2026-03-28,173.75
CVX,2026-03-29,169.52
CVX,2026-03-30,164.79
CVX,2026-03-31,163.92
CVX,2026-04-01,160.61
CVX,2026-04-02,159.83
CVX,2026-04-03,151.64
CVX,2026-04-04,151.01
CVX,2026-04-05,156.52
CVX,2026-04-06,153.09
CVX,2026-04-07,152.32
CVX,2026-04-08,147.84
CVX,2026-04-09,149.79
CVX,2026-04-10,149.17
CVX,2026-04-11,155.02
CVX,2026-04-12,155.72
CVX,2026-04-13,154.62
CVX,2026-04-14,156.38
CVX,2026-04-15,154.86
CVX,2026-04-16,150.77
CVX,2026-04-17,151.74
CVX,2026-04-18,151.27
CVX,2026-04-19,151.83
CVX,2026-04-20,153.03
CVX,2026-04-21,151.53
CVX,2026-04-22,152.87
CVX,2026-04-23,158.24
CVX,2026-04-24,154.8
CVX,2026-04-25,160.24
CVX,2026-04-26,159.53
CVX,2026-04-27,157.15
CVX,2026-04-28,164.84
CVX,2026-04-29,165.42
CVX,2026-04-30,170.02
CVX,2026-05-01,172.87
CVX,2026-05-02,167.13
CVX,2026-05-03,167.6
CVX,2026-05-04,165.91
CVX,2026-05-05,161.52
CVX,2026-05-06,155.86
CVX,2026-05-07,156.24
CVX,2026-05-08,158.15
CVX,2026-05-09,159.45
CVX,2026-05-10,158.54
CVX,2026-05-11,156.07
CVX,2026-05-12,153.05
CVX,2026-05-13,151.41
CVX,2026-05-14,148.34
CVX,2026-05-15,147.8
CVX,2026-05-16,147.79
CVX,2026-05-17,145.2
CVX,2026-05-18,144.58
CVX,2026-05-19,142.44
CVX,2026-05-20,142.48
CVX,2026-05-21,143.98
CVX,2026-05-22,144.55
CVX,2026-05-23,145.97
CVX,2026-05-24,141.21
CVX,2026-05-25,140.2
CVX,2026-05-26,141.03
CVX,2026-05-27,142.89
CVX,2026-05-28,138.38
CVX,2026-05-29,138.88
JNJ,2026-03-01,153.68
JNJ,2026-03-02,153.19
JNJ,2026-03-03,152.96
JNJ,2026-03-04,154.4
JNJ,2026-03-05,155.22
JNJ,2026-03-06,157.38
JNJ,2026-03-07,157.67
JNJ,2026-03-08,158.21
JNJ,2026-03-09,155.8
JNJ,2026-03-10,155.33
JNJ,2026-03-11,159.29
JNJ,2026-03-12,158.7
JNJ,2026-03-13,158.23
JNJ,2026-03-14,156.74
JNJ,2026-03-15,159.27
JNJ,2026-03-16,156.61
JNJ,2026-03-17,159.52
JNJ,2026-03-18,156.59
JNJ,2026-03-19,153.34
JNJ,2026-03-20,154.03
JNJ,2026-03-21,154.49
JNJ,2026-03-22,155.47
JNJ,2026-03-23,158.84
JNJ,2026-03-24,157.59
JNJ,2026-03-25,159.05
JNJ,2026-03-26,156.22
JNJ,2026-03-27,160.22
JNJ,2026-03-28,162.31
JNJ,2026-03-29,164.12
JNJ,2026-03-30,164.8
JNJ,2026-03-31,162.28
JNJ,2026-04-01,161.28
JNJ,2026-04-02,162.96
JNJ,2026-04-03,162.96
JNJ,2026-04-04,163.43
JNJ,2026-04-05,159.05
JNJ,2026-04-06,159.69
JNJ,2026-04-07,157.54
JNJ,2026-04-08,154.19
JNJ,2026-04-09,153.77
JNJ,2026-04-10,148.12
JNJ,2026-04-11,150.25
JNJ,2026-04-12,152.87
JNJ,2026-04-13,152.77
JNJ,2026-04-14,149.79
JNJ,2026-04-15,147.02
JNJ,2026-04-16,146.63
JNJ,2026-04-17,139.58
JNJ,2026-04-18,140.14
JNJ,2026-04-19,142.06
JNJ,2026-04-20,141.23
JNJ,2026-04-21,139.89
JNJ,2026-04-22,140.46
JNJ,2026-04-23,141.5
JNJ,2026-04-24,144.65
JNJ,2026-04-25,144.76
JNJ,2026-04-26,142.82
JNJ,2026-04-27,141.56
JNJ,2026-04-28,142.13
JNJ,2026-04-29,146.61
JNJ,2026-04-30,145.73
JNJ,2026-05-01,142.72
JNJ,2026-05-02,140.29
JNJ,2026-05-03,134.46
JNJ,2026-05-04,135.4
JNJ,2026-05-05,131.77
JNJ,2026-05-06,128.57
JNJ,2026-05-07,123.54
JNJ,2026-05-08,120.83
JNJ,2026-05-09,122.25
JNJ,2026-05-10,119.09
JNJ,2026-05-11,114.97
JNJ,2026-05-12,115.43
JNJ,2026-05-13,114.69
JNJ,2026-05-14,115.73
JNJ,2026-05-15,117.49
JNJ,2026-05-16,117.52
JNJ,2026-05-17,114.52
JNJ,2026-05-18,114.28
JNJ,2026-05-19,115.47
JNJ,2026-05-20,114.17
JNJ,2026-05-21,110.93
JNJ,2026-05-22,113.42
JNJ,2026-05-23,112.52
JNJ,2026-05-24,111.64
JNJ,2026-05-25,111.72
JNJ,2026-05-26,114.07
JNJ,2026-05-27,114.72
JNJ,2026-05-28,114.0
JNJ,2026-05-29,115.6
PFE,2026-03-01,29.21
PFE,2026-03-02,30.03
PFE,2026-03-03,30.45
PFE,2026-03-04,29.78
PFE,2026-03-05,32.03
PFE,2026-03-06,31.27
PFE,2026-03-07,31.05
PFE,2026-03-08,30.63
PFE,2026-03-09,31.64
PFE,2026-03-10,31.92
PFE,2026-03-11,31.02
PFE,2026-03-12,31.2
PFE,2026-03-13,31.55
PFE,2026-03-14,31.36
PFE,2026-03-15,30.61
PFE,2026-03-16,30.18
PFE,2026-03-17,29.93
PFE,2026-03-18,29.96
PFE,2026-03-19,29.66
PFE,2026-03-20,30.11
PFE,2026-03-21,29.55
PFE,2026-03-22,28.54
PFE,2026-03-23,28.13
PFE,2026-03-24,28.9
PFE,2026-03-25,28.58
PFE,2026-03-26,29.93
PFE,2026-03-27,30.24
PFE,2026-03-28,29.55
PFE,2026-03-29,29.07
PFE,2026-03-30,29.22
PFE,2026-03-31,28.54
PFE,2026-04-01,29.91
PFE,2026-04-02,29.33
PFE,2026-04-03,29.74
PFE,2026-04-04,30.62
PFE,2026-04-05,30.57
PFE,2026-04-06,29.97
PFE,2026-04-07,29.82
PFE,2026-04-08,30.05
PFE,2026-04-09,30.59
PFE,2026-04-10,30.64
PFE,2026-04-11,29.79
PFE,2026-04-12,29.83
PFE,2026-04-13,29.44
PFE,2026-04-14,28.17
PFE,2026-04-15,27.79
PFE,2026-04-16,27.0
PFE,2026-04-17,27.33
PFE,2026-04-18,28.4
PFE,2026-04-19,29.47
PFE,2026-04-20,29.14
PFE,2026-04-21,28.88
PFE,2026-04-22,29.29
PFE,2026-04-23,29.92
PFE,2026-04-24,29.68
PFE,2026-04-25,29.61
PFE,2026-04-26,30.93
PFE,2026-04-27,30.88
PFE,2026-04-28,30.59
PFE,2026-04-29,30.68
PFE,2026-04-30,31.05
PFE,2026-05-01,30.43
PFE,2026-05-02,30.29
PFE,2026-05-03,29.6
PFE,2026-05-04,29.45
PFE,2026-05-05,30.57
PFE,2026-05-06,31.04
PFE,2026-05-07,30.99
PFE,2026-05-08,30.42
PFE,2026-05-09,30.24
PFE,2026-05-10,30.89
PFE,2026-05-11,30.56
PFE,2026-05-12,31.46
PFE,2026-05-13,30.61
PFE,2026-05-14,30.44
PFE,2026-05-15,31.51
PFE,2026-05-16,30.26
PFE,2026-05-17,30.99
PFE,2026-05-18,29.85
PFE,2026-05-19,29.81
PFE,2026-05-20,29.72
PFE,2026-05-21,30.22
PFE,2026-05-22,28.33
PFE,2026-05-23,27.25
PFE,2026-05-24,26.95
PFE,2026-05-25,26.98
PFE,2026-05-26,26.51
PFE,2026-05-27,26.4
PFE,2026-05-28,25.78
PFE,2026-05-29,25.58
WMT,2026-03-01,66.88
WMT,2026-03-02,67.23
WMT,2026-03-03,68.04
WMT,2026-03-04,70.02
WMT,2026-03-05,69.13
WMT,2026-03-06,68.72
WMT,2026-03-07,68.81
WMT,2026-03-08,68.43
WMT,2026-03-09,68.39
WMT,2026-03-10,66.28
WMT,2026-03-11,66.8
WMT,2026-03-12,65.6
WMT,2026-03-13,64.37
WMT,2026-03-14,62.35
WMT,2026-03-15,63.82
WMT,2026-03-16,63.67
WMT,2026-03-17,65.16
WMT,2026-03-18,65.54
WMT,2026-03-19,63.33
WMT,2026-03-20,61.98
WMT,2026-03-21,62.94
WMT,2026-03-22,62.0
WMT,2026-03-23,60.67
WMT,2026-03-24,60.48
WMT,2026-03-25,60.29
WMT,2026-03-26,59.09
WMT,2026-03-27,58.73
WMT,2026-03-28,58.19
WMT,2026-03-29,55.2
WMT,2026-03-30,55.78
WMT,2026-03-31,54.9
WMT,2026-04-01,56.35
WMT,2026-04-02,55.08
WMT,2026-04-03,53.36
WMT,2026-04-04,54.65
WMT,2026-04-05,52.94
WMT,2026-04-06,52.29
WMT,2026-04-07,52.94
WMT,2026-04-08,52.61
WMT,2026-04-09,50.89
WMT,2026-04-10,51.1
WMT,2026-04-11,50.92
WMT,2026-04-12,52.25
WMT,2026-04-13,52.89
WMT,2026-04-14,56.12
WMT,2026-04-15,54.3
WMT,2026-04-16,54.3
WMT,2026-04-17,53.16
WMT,2026-04-18,54.41
WMT,2026-04-19,55.33
WMT,2026-04-20,56.19
WMT,2026-04-21,55.34
WMT,2026-04-22,54.54
WMT,2026-04-23,52.35
WMT,2026-04-24,54.16
WMT,2026-04-25,54.73
WMT,2026-04-26,54.47
WMT,2026-04-27,55.51
WMT,2026-04-28,56.37
WMT,2026-04-29,57.49
WMT,2026-04-30,55.65
WMT,2026-05-01,54.88
WMT,2026-05-02,55.12
WMT,2026-05-03,55.53
WMT,2026-05-04,56.62
WMT,2026-05-05,55.5
WMT,2026-05-06,55.66
WMT,2026-05-07,58.14
WMT,2026-05-08,58.97
WMT,2026-05-09,60.02
WMT,2026-05-10,60.02
WMT,2026-05-11,60.97
WMT,2026-05-12,63.19
WMT,2026-05-13,63.35
WMT,2026-05-14,64.93
WMT,2026-05-15,63.82
WMT,2026-05-16,64.6
WMT,2026-05-17,65.79
WMT,2026-05-18,64.83
WMT,2026-05-19,66.28
WMT,2026-05-20,65.41
WMT,2026-05-21,64.38
WMT,2026-05-22,64.4
WMT,2026-05-23,66.91
WMT,2026-05-24,67.35
WMT,2026-05-25,68.64
WMT,2026-05-26,67.66
WMT,2026-05-27,67.79
WMT,2026-05-28,66.22
WMT,2026-05-29,65.49
KO,2026-03-01,63.06
KO,2026-03-02,63.04
KO,2026-03-03,64.9
KO,2026-03-04,64.66
KO,2026-03-05,64.43
KO,2026-03-06,66.1
KO,2026-03-07,65.27
KO,2026-03-08,63.31
KO,2026-03-09,64.98
KO,2026-03-10,65.54
KO,2026-03-11,62.73
KO,2026-03-12,62.81
KO,2026-03-13,62.33
KO,2026-03-14,64.53
KO,2026-03-15,63.61
KO,2026-03-16,62.9
KO,2026-03-17,61.78
KO,2026-03-18,60.5
KO,2026-03-19,59.68
KO,2026-03-20,57.99
KO,2026-03-21,56.82
KO,2026-03-22,55.02
KO,2026-03-23,53.39
KO,2026-03-24,51.75
KO,2026-03-25,51.23
KO,2026-03-26,50.55
KO,2026-03-27,49.33
KO,2026-03-28,49.82
KO,2026-03-29,49.79
KO,2026-03-30,49.38
KO,2026-03-31,48.94
KO,2026-04-01,50.52
KO,2026-04-02,50.78
KO,2026-04-03,51.28
KO,2026-04-04,48.65
KO,2026-04-05,48.03
KO,2026-04-06,45.96
KO,2026-04-07,45.59
KO,2026-04-08,45.95
KO,2026-04-09,45.35
KO,2026-04-10,45.84
KO,2026-04-11,44.92
KO,2026-04-12,45.46
KO,2026-04-13,44.07
KO,2026-04-14,43.86
KO,2026-04-15,44.25
KO,2026-04-16,44.74
KO,2026-04-17,44.64
KO,2026-04-18,46.39
KO,2026-04-19,46.02
KO,2026-04-20,45.62
KO,2026-04-21,43.12
KO,2026-04-22,44.66
KO,2026-04-23,44.35
KO,2026-04-24,43.32
KO,2026-04-25,44.48
KO,2026-04-26,45.6
KO,2026-04-27,45.72
KO,2026-04-28,44.43
KO,2026-04-29,44.82
KO,2026-04-30,44.28
KO,2026-05-01,43.26
KO,2026-05-02,44.18
KO,2026-05-03,42.31
KO,2026-05-04,42.81
KO,2026-05-05,43.22
KO,2026-05-06,45.01
KO,2026-05-07,45.32
KO,2026-05-08,43.47
KO,2026-05-09,42.76
KO,2026-05-10,42.83
KO,2026-05-11,43.15
KO,2026-05-12,44.01
KO,2026-05-13,42.3
KO,2026-05-14,42.04
KO,2026-05-15,42.87
KO,2026-05-16,44.21
KO,2026-05-17,45.87
KO,2026-05-18,45.53
KO,2026-05-19,46.55
KO,2026-05-20,48.16
KO,2026-05-21,49.33
KO,2026-05-22,50.06
KO,2026-05-23,50.91
KO,2026-05-24,50.13
KO,2026-05-25,48.7
KO,2026-05-26,49.68
KO,2026-05-27,49.36
KO,2026-05-28,49.35
KO,2026-05-29,48.8
TLT,2026-03-01,91.75
TLT,2026-03-02,91.96
TLT,2026-03-03,91.25
TLT,2026-03-04,91.34
TLT,2026-03-05,91.56
TLT,2026-03-06,91.54
TLT,2026-03-07,91.03
TLT,2026-03-08,91.64
TLT,2026-03-09,93.05
TLT,2026-03-10,92.64
TLT,2026-03-11,93.59
TLT,2026-03-12,94.29
TLT,2026-03-13,92.33
TLT,2026-03-14,91.8
TLT,2026-03-15,91.37
TLT,2026-03-16,91.98
TLT,2026-03-17,92.16
TLT,2026-03-18,92.55
TLT,2026-03-19,93.06
TLT,2026-03-20,92.43
TLT,2026-03-21,91.91
TLT,2026-03-22,91.05
TLT,2026-03-23,90.96
TLT,2026-03-24,90.91
TLT,2026-03-25,91.07
TLT,2026-03-26,90.58
TLT,2026-03-27,91.27
TLT,2026-03-28,91.98
TLT,2026-03-29,93.15
TLT,2026-03-30,93.72
TLT,2026-03-31,93.9
TLT,2026-04-01,94.44
TLT,2026-04-02,94.94
TLT,2026-04-03,94.48
TLT,2026-04-04,95.49
TLT,2026-04-05,96.84
TLT,2026-04-06,98.41
TLT,2026-04-07,98.48
TLT,2026-04-08,98.77
TLT,2026-04-09,99.14
TLT,2026-04-10,99.18
TLT,2026-04-11,99.71
TLT,2026-04-12,99.65
TLT,2026-04-13,99.54
TLT,2026-04-14,100.98
TLT,2026-04-15,101.15
TLT,2026-04-16,101.24
TLT,2026-04-17,101.99
TLT,2026-04-18,102.15
TLT,2026-04-19,102.43
TLT,2026-04-20,102.42
TLT,2026-04-21,101.46
TLT,2026-04-22,101.48
TLT,2026-04-23,100.6
TLT,2026-04-24,100.81
TLT,2026-04-25,99.9
TLT,2026-04-26,100.67
TLT,2026-04-27,101.31
TLT,2026-04-28,101.58
TLT,2026-04-29,101.54
TLT,2026-04-30,101.92
TLT,2026-05-01,100.36
TLT,2026-05-02,99.52
TLT,2026-05-03,99.44
TLT,2026-05-04,99.75
TLT,2026-05-05,99.73
TLT,2026-05-06,98.97
TLT,2026-05-07,99.12
TLT,2026-05-08,98.8
TLT,2026-05-09,97.99
TLT,2026-05-10,98.29
TLT,2026-05-11,98.16
TLT,2026-05-12,99.14
TLT,2026-05-13,99.71
TLT,2026-05-14,100.34
TLT,2026-05-15,100.64
TLT,2026-05-16,100.0
TLT,2026-05-17,99.29
TLT,2026-05-18,98.16
TLT,2026-05-19,100.46
TLT,2026-05-20,99.63
TLT,2026-05-21,99.5
TLT,2026-05-22,99.25
TLT,2026-05-23,99.07
TLT,2026-05-24,98.65
TLT,2026-05-25,97.21
TLT,2026-05-26,96.47
TLT,2026-05-27,95.44
TLT,2026-05-28,95.38
TLT,2026-05-29,94.9
